Epoch,Train Loss,Val Loss,Learning Rate,RMSE,MAE,R2
1,0.2664651839830601,0.24763157843716008,0.001,28059.912583033016,25454.768016263002,-4.64837811709554
2,0.2664651839830601,0.24763157843716008,0.001,28059.912583033016,25454.768016263002,-4.64837811709554
2,0.2664651839830601,0.24763157843716008,0.001,28059.912583033016,25454.768016263002,-4.64837811709554
